Workbook

Sheet MENINAS_CURSO
A1: Totais de meninas por curso e ano (copiados do gráfico enviado)
A3: Ano | B3: Ciência de Dados e IA | C3: Engenharia da Computação | D3: Ciência da Computação
A4: 2020 | B4: 6 | C4: 10 | D4: 10
A5: 2021 | B5: 14 | C5: 11 | D5: 13
A6: 2022 | B6: 15 | C6: 16 | D6: 13
A7: 2023 | B7: 10 | C7: 18 | D7: 14
A8: 2024 | B8: 12 | C8: 18 | D8: 15
A9: 2025 | B9: 13 | C9: 21 | D9: 13

Sheet BASE_SIMULADA
A1: Base simulada consolidada - todos os programas e cursos
A3: Ano | B3: Curso | C3: Programa | D3: Feminino | E3: Masculino | F3: Total Selecionados | G3: Meninas no Curso | H3: P(selecionado ser mulher) | I3: P(aluna do curso ser selecionada) | J3: Observação
A4: 2020 | B4: Ciência de Dados e Inteligência Artificial | C4: Monitoria | D4: 2 | E4: 2 | F4: =SUM(D4:E4) | G4: 6 | H4: =IF(F4=0,0,D4/F4) | I4: =IF(G4=0,0,D4/G4) | J4: Valor simulado
A5: 2021 | B5: Ciência de Dados e Inteligência Artificial | C5: Monitoria | D5: 4 | E5: 6 | F5: =SUM(D5:E5) | G5: 14 | H5: =IF(F5=0,0,D5/F5) | I5: =IF(G5=0,0,D5/G5) | J5: Valor simulado
A6: 2022 | B6: Ciência de Dados e Inteligência Artificial | C6: Monitoria | D6: 5 | E6: 6 | F6: =SUM(D6:E6) | G6: 15 | H6: =IF(F6=0,0,D6/F6) | I6: =IF(G6=0,0,D6/G6) | J6: Valor simulado
A7: 2023 | B7: Ciência de Dados e Inteligência Artificial | C7: Monitoria | D7: 3 | E7: 4 | F7: =SUM(D7:E7) | G7: 10 | H7: =IF(F7=0,0,D7/F7) | I7: =IF(G7=0,0,D7/G7) | J7: Valor simulado
A8: 2024 | B8: Ciência de Dados e Inteligência Artificial | C8: Monitoria | D8: 4 | E8: 5 | F8: =SUM(D8:E8) | G8: 12 | H8: =IF(F8=0,0,D8/F8) | I8: =IF(G8=0,0,D8/G8) | J8: Valor simulado
A9: 2025 | B9: Ciência de Dados e Inteligência Artificial | C9: Monitoria | D9: 4 | E9: 6 | F9: =SUM(D9:E9) | G9: 13 | H9: =IF(F9=0,0,D9/F9) | I9: =IF(G9=0,0,D9/G9) | J9: Valor simulado
A10: 2020 | B10: Ciência de Dados e Inteligência Artificial | C10: Pibic | D10: 1 | E10: 1 | F10: =SUM(D10:E10) | G10: 6 | H10: =IF(F10=0,0,D10/F10) | I10: =IF(G10=0,0,D10/G10) | J10: Valor simulado
A11: 2021 | B11: Ciência de Dados e Inteligência Artificial | C11: Pibic | D11: 2 | E11: 2 | F11: =SUM(D11:E11) | G11: 14 | H11: =IF(F11=0,0,D11/F11) | I11: =IF(G11=0,0,D11/G11) | J11: Valor simulado
A12: 2022 | B12: Ciência de Dados e Inteligência Artificial | C12: Pibic | D12: 2 | E12: 2 | F12: =SUM(D12:E12) | G12: 15 | H12: =IF(F12=0,0,D12/F12) | I12: =IF(G12=0,0,D12/G12) | J12: Valor simulado
A13: 2023 | B13: Ciência de Dados e Inteligência Artificial | C13: Pibic | D13: 2 | E13: 2 | F13: =SUM(D13:E13) | G13: 10 | H13: =IF(F13=0,0,D13/F13) | I13: =IF(G13=0,0,D13/G13) | J13: Valor simulado
A14: 2024 | B14: Ciência de Dados e Inteligência Artificial | C14: Pibic | D14: 2 | E14: 2 | F14: =SUM(D14:E14) | G14: 12 | H14: =IF(F14=0,0,D14/F14) | I14: =IF(G14=0,0,D14/G14) | J14: Valor simulado
A15: 2025 | B15: Ciência de Dados e Inteligência Artificial | C15: Pibic | D15: 2 | E15: 2 | F15: =SUM(D15:E15) | G15: 13 | H15: =IF(F15=0,0,D15/F15) | I15: =IF(G15=0,0,D15/G15) | J15: Valor simulado
... A75: 2025 | B75: Ciência da Computação | C75: Estagios | D75: 2 | E75: 4 | F75: =SUM(D75:E75) | G75: 13 | H75: =IF(F75=0,0,D75/F75) | I75: =IF(G75=0,0,D75/G75) | J75: Valor simulado

Sheet CDIA_MONITORIA
A1: Ciência de Dados e Inteligência Artificial - Monitoria (valores simulados)
A2: Os valores de Feminino e Masculino abaixo são simulados. As probabilidades são calculadas por fórmula.
A4: Ano | B4: Feminino | C4: Masculino | D4: Total Selecionados | E4: Meninas no Curso | F4: P(selecionado ser mulher) | G4: P(aluna do curso ser selecionada)
A5: 2020 | B5: 2 | C5: 2 | D5: =SUM(B5:C5) | E5: =MENINAS_CURSO!B4 | F5: =IF(D5=0,0,B5/D5) | G5: =IF(E5=0,0,B5/E5)
A6: 2021 | B6: 4 | C6: 6 | D6: =SUM(B6:C6) | E6: =MENINAS_CURSO!B5 | F6: =IF(D6=0,0,B6/D6) | G6: =IF(E6=0,0,B6/E6)
A7: 2022 | B7: 5 | C7: 6 | D7: =SUM(B7:C7) | E7: =MENINAS_CURSO!B6 | F7: =IF(D7=0,0,B7/D7) | G7: =IF(E7=0,0,B7/E7)
A8: 2023 | B8: 3 | C8: 4 | D8: =SUM(B8:C8) | E8: =MENINAS_CURSO!B7 | F8: =IF(D8=0,0,B8/D8) | G8: =IF(E8=0,0,B8/E8)
A9: 2024 | B9: 4 | C9: 5 | D9: =SUM(B9:C9) | E9: =MENINAS_CURSO!B8 | F9: =IF(D9=0,0,B9/D9) | G9: =IF(E9=0,0,B9/E9)
A10: 2025 | B10: 4 | C10: 6 | D10: =SUM(B10:C10) | E10: =MENINAS_CURSO!B9 | F10: =IF(D10=0,0,B10/D10) | G10: =IF(E10=0,0,B10/E10)

Sheet CDIA_PIBIC
A1: Ciência de Dados e Inteligência Artificial - Pibic (valores simulados)
A2: Os valores de Feminino e Masculino abaixo são simulados. As probabilidades são calculadas por fórmula.
A4: Ano | B4: Feminino | C4: Masculino | D4: Total Selecionados | E4: Meninas no Curso | F4: P(selecionado ser mulher) | G4: P(aluna do curso ser selecionada)
A5: 2020 | B5: 1 | C5: 1 | D5: =SUM(B5:C5) | E5: =MENINAS_CURSO!B4 | F5: =IF(D5=0,0,B5/D5) | G5: =IF(E5=0,0,B5/E5)
A6: 2021 | B6: 2 | C6: 2 | D6: =SUM(B6:C6) | E6: =MENINAS_CURSO!B5 | F6: =IF(D6=0,0,B6/D6) | G6: =IF(E6=0,0,B6/E6)
A7: 2022 | B7: 2 | C7: 2 | D7: =SUM(B7:C7) | E7: =MENINAS_CURSO!B6 | F7: =IF(D7=0,0,B7/D7) | G7: =IF(E7=0,0,B7/E7)
A8: 2023 | B8: 2 | C8: 2 | D8: =SUM(B8:C8) | E8: =MENINAS_CURSO!B7 | F8: =IF(D8=0,0,B8/D8) | G8: =IF(E8=0,0,B8/E8)
A9: 2024 | B9: 2 | C9: 2 | D9: =SUM(B9:C9) | E9: =MENINAS_CURSO!B8 | F9: =IF(D9=0,0,B9/D9) | G9: =IF(E9=0,0,B9/E9)
A10: 2025 | B10: 2 | C10: 2 | D10: =SUM(B10:C10) | E10: =MENINAS_CURSO!B9 | F10: =IF(D10=0,0,B10/D10) | G10: =IF(E10=0,0,B10/E10)

Sheet CDIA_PROBEX
A1: Ciência de Dados e Inteligência Artificial - Probex (valores simulados)
A2: Os valores de Feminino e Masculino abaixo são simulados. As probabilidades são calculadas por fórmula.
A4: Ano | B4: Feminino | C4: Masculino | D4: Total Selecionados | E4: Meninas no Curso | F4: P(selecionado ser mulher) | G4: P(aluna do curso ser selecionada)
A5: 2020 | B5: 2 | C5: 2 | D5: =SUM(B5:C5) | E5: =MENINAS_CURSO!B4 | F5: =IF(D5=0,0,B5/D5) | G5: =IF(E5=0,0,B5/E5)
A6: 2021 | B6: 3 | C6: 3 | D6: =SUM(B6:C6) | E6: =MENINAS_CURSO!B5 | F6: =IF(D6=0,0,B6/D6) | G6: =IF(E6=0,0,B6/E6)
A7: 2022 | B7: 3 | C7: 3 | D7: =SUM(B7:C7) | E7: =MENINAS_CURSO!B6 | F7: =IF(D7=0,0,B7/D7) | G7: =IF(E7=0,0,B7/E7)
A8: 2023 | B8: 2 | C8: 2 | D8: =SUM(B8:C8) | E8: =MENINAS_CURSO!B7 | F8: =IF(D8=0,0,B8/D8) | G8: =IF(E8=0,0,B8/E8)
A9: 2024 | B9: 3 | C9: 3 | D9: =SUM(B9:C9) | E9: =MENINAS_CURSO!B8 | F9: =IF(D9=0,0,B9/D9) | G9: =IF(E9=0,0,B9/E9)
A10: 2025 | B10: 3 | C10: 3 | D10: =SUM(B10:C10) | E10: =MENINAS_CURSO!B9 | F10: =IF(D10=0,0,B10/D10) | G10: =IF(E10=0,0,B10/E10)

Sheet CDIA_ESTAGIOS
A1: Ciência de Dados e Inteligência Artificial - Estagios (valores simulados)
A2: Os valores de Feminino e Masculino abaixo são simulados. As probabilidades são calculadas por fórmula.
A4: Ano | B4: Feminino | C4: Masculino | D4: Total Selecionados | E4: Meninas no Curso | F4: P(selecionado ser mulher) | G4: P(aluna do curso ser selecionada)
A5: 2020 | B5: 1 | C5: 1 | D5: =SUM(B5:C5) | E5: =MENINAS_CURSO!B4 | F5: =IF(D5=0,0,B5/D5) | G5: =IF(E5=0,0,B5/E5)
A6: 2021 | B6: 1 | C6: 1 | D6: =SUM(B6:C6) | E6: =MENINAS_CURSO!B5 | F6: =IF(D6=0,0,B6/D6) | G6: =IF(E6=0,0,B6/E6)
A7: 2022 | B7: 2 | C7: 2 | D7: =SUM(B7:C7) | E7: =MENINAS_CURSO!B6 | F7: =IF(D7=0,0,B7/D7) | G7: =IF(E7=0,0,B7/E7)
A8: 2023 | B8: 1 | C8: 1 | D8: =SUM(B8:C8) | E8: =MENINAS_CURSO!B7 | F8: =IF(D8=0,0,B8/D8) | G8: =IF(E8=0,0,B8/E8)
A9: 2024 | B9: 2 | C9: 2 | D9: =SUM(B9:C9) | E9: =MENINAS_CURSO!B8 | F9: =IF(D9=0,0,B9/D9) | G9: =IF(E9=0,0,B9/E9)
A10: 2025 | B10: 2 | C10: 3 | D10: =SUM(B10:C10) | E10: =MENINAS_CURSO!B9 | F10: =IF(D10=0,0,B10/D10) | G10: =IF(E10=0,0,B10/E10)

Sheet EC_MONITORIA
A1: Engenharia da Computação - Monitoria (valores simulados)
A2: Os valores de Feminino e Masculino abaixo são simulados. As probabilidades são calculadas por fórmula.
A4: Ano | B4: Feminino | C4: Masculino | D4: Total Selecionados | E4: Meninas no Curso | F4: P(selecionado ser mulher) | G4: P(aluna do curso ser selecionada)
A5: 2020 | B5: 4 | C5: 6 | D5: =SUM(B5:C5) | E5: =MENINAS_CURSO!C4 | F5: =IF(D5=0,0,B5/D5) | G5: =IF(E5=0,0,B5/E5)
A6: 2021 | B6: 3 | C6: 5 | D6: =SUM(B6:C6) | E6: =MENINAS_CURSO!C5 | F6: =IF(D6=0,0,B6/D6) | G6: =IF(E6=0,0,B6/E6)
A7: 2022 | B7: 5 | C7: 8 | D7: =SUM(B7:C7) | E7: =MENINAS_CURSO!C6 | F7: =IF(D7=0,0,B7/D7) | G7: =IF(E7=0,0,B7/E7)
A8: 2023 | B8: 5 | C8: 8 | D8: =SUM(B8:C8) | E8: =MENINAS_CURSO!C7 | F8: =IF(D8=0,0,B8/D8) | G8: =IF(E8=0,0,B8/E8)
A9: 2024 | B9: 7 | C9: 10 | D9: =SUM(B9:C9) | E9: =MENINAS_CURSO!C8 | F9: =IF(D9=0,0,B9/D9) | G9: =IF(E9=0,0,B9/E9)
A10: 2025 | B10: 7 | C10: 11 | D10: =SUM(B10:C10) | E10: =MENINAS_CURSO!C9 | F10: =IF(D10=0,0,B10/D10) | G10: =IF(E10=0,0,B10/E10)

Sheet EC_PIBIC
A1: Engenharia da Computação - Pibic (valores simulados)
A2: Os valores de Feminino e Masculino abaixo são simulados. As probabilidades são calculadas por fórmula.
A4: Ano | B4: Feminino | C4: Masculino | D4: Total Selecionados | E4: Meninas no Curso | F4: P(selecionado ser mulher) | G4: P(aluna do curso ser selecionada)
A5: 2020 | B5: 2 | C5: 3 | D5: =SUM(B5:C5) | E5: =MENINAS_CURSO!C4 | F5: =IF(D5=0,0,B5/D5) | G5: =IF(E5=0,0,B5/E5)
A6: 2021 | B6: 2 | C6: 4 | D6: =SUM(B6:C6) | E6: =MENINAS_CURSO!C5 | F6: =IF(D6=0,0,B6/D6) | G6: =IF(E6=0,0,B6/E6)
A7: 2022 | B7: 3 | C7: 4 | D7: =SUM(B7:C7) | E7: =MENINAS_CURSO!C6 | F7: =IF(D7=0,0,B7/D7) | G7: =IF(E7=0,0,B7/E7)
A8: 2023 | B8: 4 | C8: 6 | D8: =SUM(B8:C8) | E8: =MENINAS_CURSO!C7 | F8: =IF(D8=0,0,B8/D8) | G8: =IF(E8=0,0,B8/E8)
A9: 2024 | B9: 3 | C9: 4 | D9: =SUM(B9:C9) | E9: =MENINAS_CURSO!C8 | F9: =IF(D9=0,0,B9/D9) | G9: =IF(E9=0,0,B9/E9)
A10: 2025 | B10: 4 | C10: 6 | D10: =SUM(B10:C10) | E10: =MENINAS_CURSO!C9 | F10: =IF(D10=0,0,B10/D10) | G10: =IF(E10=0,0,B10/E10)

Sheet EC_PROBEX
A1: Engenharia da Computação - Probex (valores simulados)
A2: Os valores de Feminino e Masculino abaixo são simulados. As probabilidades são calculadas por fórmula.
A4: Ano | B4: Feminino | C4: Masculino | D4: Total Selecionados | E4: Meninas no Curso | F4: P(selecionado ser mulher) | G4: P(aluna do curso ser selecionada)
A5: 2020 | B5: 3 | C5: 4 | D5: =SUM(B5:C5) | E5: =MENINAS_CURSO!C4 | F5: =IF(D5=0,0,B5/D5) | G5: =IF(E5=0,0,B5/E5)
A6: 2021 | B6: 2 | C6: 3 | D6: =SUM(B6:C6) | E6: =MENINAS_CURSO!C5 | F6: =IF(D6=0,0,B6/D6) | G6: =IF(E6=0,0,B6/E6)
A7: 2022 | B7: 4 | C7: 5 | D7: =SUM(B7:C7) | E7: =MENINAS_CURSO!C6 | F7: =IF(D7=0,0,B7/D7) | G7: =IF(E7=0,0,B7/E7)
A8: 2023 | B8: 5 | C8: 7 | D8: =SUM(B8:C8) | E8: =MENINAS_CURSO!C7 | F8: =IF(D8=0,0,B8/D8) | G8: =IF(E8=0,0,B8/E8)
A9: 2024 | B9: 4 | C9: 5 | D9: =SUM(B9:C9) | E9: =MENINAS_CURSO!C8 | F9: =IF(D9=0,0,B9/D9) | G9: =IF(E9=0,0,B9/E9)
A10: 2025 | B10: 5 | C10: 7 | D10: =SUM(B10:C10) | E10: =MENINAS_CURSO!C9 | F10: =IF(D10=0,0,B10/D10) | G10: =IF(E10=0,0,B10/E10)

Sheet EC_ESTAGIOS
A1: Engenharia da Computação - Estagios (valores simulados)
A2: Os valores de Feminino e Masculino abaixo são simulados. As probabilidades são calculadas por fórmula.
A4: Ano | B4: Feminino | C4: Masculino | D4: Total Selecionados | E4: Meninas no Curso | F4: P(selecionado ser mulher) | G4: P(aluna do curso ser selecionada)
A5: 2020 | B5: 2 | C5: 4 | D5: =SUM(B5:C5) | E5: =MENINAS_CURSO!C4 | F5: =IF(D5=0,0,B5/D5) | G5: =IF(E5=0,0,B5/E5)
A6: 2021 | B6: 1 | C6: 2 | D6: =SUM(B6:C6) | E6: =MENINAS_CURSO!C5 | F6: =IF(D6=0,0,B6/D6) | G6: =IF(E6=0,0,B6/E6)
A7: 2022 | B7: 2 | C7: 4 | D7: =SUM(B7:C7) | E7: =MENINAS_CURSO!C6 | F7: =IF(D7=0,0,B7/D7) | G7: =IF(E7=0,0,B7/E7)
A8: 2023 | B8: 3 | C8: 5 | D8: =SUM(B8:C8) | E8: =MENINAS_CURSO!C7 | F8: =IF(D8=0,0,B8/D8) | G8: =IF(E8=0,0,B8/E8)
A9: 2024 | B9: 3 | C9: 5 | D9: =SUM(B9:C9) | E9: =MENINAS_CURSO!C8 | F9: =IF(D9=0,0,B9/D9) | G9: =IF(E9=0,0,B9/E9)
A10: 2025 | B10: 3 | C10: 5 | D10: =SUM(B10:C10) | E10: =MENINAS_CURSO!C9 | F10: =IF(D10=0,0,B10/D10) | G10: =IF(E10=0,0,B10/E10)

Sheet CC_MONITORIA
A1: Ciência da Computação - Monitoria (valores simulados)
A2: Os valores de Feminino e Masculino abaixo são simulados. As probabilidades são calculadas por fórmula.
A4: Ano | B4: Feminino | C4: Masculino | D4: Total Selecionados | E4: Meninas no Curso | F4: P(selecionado ser mulher) | G4: P(aluna do curso ser selecionada)
A5: 2020 | B5: 3 | C5: 5 | D5: =SUM(B5:C5) | E5: =MENINAS_CURSO!D4 | F5: =IF(D5=0,0,B5/D5) | G5: =IF(E5=0,0,B5/E5)
A6: 2021 | B6: 4 | C6: 6 | D6: =SUM(B6:C6) | E6: =MENINAS_CURSO!D5 | F6: =IF(D6=0,0,B6/D6) | G6: =IF(E6=0,0,B6/E6)
A7: 2022 | B7: 4 | C7: 6 | D7: =SUM(B7:C7) | E7: =MENINAS_CURSO!D6 | F7: =IF(D7=0,0,B7/D7) | G7: =IF(E7=0,0,B7/E7)
A8: 2023 | B8: 4 | C8: 6 | D8: =SUM(B8:C8) | E8: =MENINAS_CURSO!D7 | F8: =IF(D8=0,0,B8/D8) | G8: =IF(E8=0,0,B8/E8)
A9: 2024 | B9: 5 | C9: 8 | D9: =SUM(B9:C9) | E9: =MENINAS_CURSO!D8 | F9: =IF(D9=0,0,B9/D9) | G9: =IF(E9=0,0,B9/E9)
A10: 2025 | B10: 4 | C10: 6 | D10: =SUM(B10:C10) | E10: =MENINAS_CURSO!D9 | F10: =IF(D10=0,0,B10/D10) | G10: =IF(E10=0,0,B10/E10)

Sheet CC_PIBIC
A1: Ciência da Computação - Pibic (valores simulados)
A2: Os valores de Feminino e Masculino abaixo são simulados. As probabilidades são calculadas por fórmula.
A4: Ano | B4: Feminino | C4: Masculino | D4: Total Selecionados | E4: Meninas no Curso | F4: P(selecionado ser mulher) | G4: P(aluna do curso ser selecionada)
A5: 2020 | B5: 2 | C5: 3 | D5: =SUM(B5:C5) | E5: =MENINAS_CURSO!D4 | F5: =IF(D5=0,0,B5/D5) | G5: =IF(E5=0,0,B5/E5)
A6: 2021 | B6: 2 | C6: 4 | D6: =SUM(B6:C6) | E6: =MENINAS_CURSO!D5 | F6: =IF(D6=0,0,B6/D6) | G6: =IF(E6=0,0,B6/E6)
A7: 2022 | B7: 2 | C7: 3 | D7: =SUM(B7:C7) | E7: =MENINAS_CURSO!D6 | F7: =IF(D7=0,0,B7/D7) | G7: =IF(E7=0,0,B7/E7)
A8: 2023 | B8: 3 | C8: 5 | D8: =SUM(B8:C8) | E8: =MENINAS_CURSO!D7 | F8: =IF(D8=0,0,B8/D8) | G8: =IF(E8=0,0,B8/E8)
A9: 2024 | B9: 2 | C9: 3 | D9: =SUM(B9:C9) | E9: =MENINAS_CURSO!D8 | F9: =IF(D9=0,0,B9/D9) | G9: =IF(E9=0,0,B9/E9)
A10: 2025 | B10: 3 | C10: 5 | D10: =SUM(B10:C10) | E10: =MENINAS_CURSO!D9 | F10: =IF(D10=0,0,B10/D10) | G10: =IF(E10=0,0,B10/E10)

Sheet CC_PROBEX
A1: Ciência da Computação - Probex (valores simulados)
A2: Os valores de Feminino e Masculino abaixo são simulados. As probabilidades são calculadas por fórmula.
A4: Ano | B4: Feminino | C4: Masculino | D4: Total Selecionados | E4: Meninas no Curso | F4: P(selecionado ser mulher) | G4: P(aluna do curso ser selecionada)
A5: 2020 | B5: 3 | C5: 4 | D5: =SUM(B5:C5) | E5: =MENINAS_CURSO!D4 | F5: =IF(D5=0,0,B5/D5) | G5: =IF(E5=0,0,B5/E5)
A6: 2021 | B6: 3 | C6: 4 | D6: =SUM(B6:C6) | E6: =MENINAS_CURSO!D5 | F6: =IF(D6=0,0,B6/D6) | G6: =IF(E6=0,0,B6/E6)
A7: 2022 | B7: 3 | C7: 4 | D7: =SUM(B7:C7) | E7: =MENINAS_CURSO!D6 | F7: =IF(D7=0,0,B7/D7) | G7: =IF(E7=0,0,B7/E7)
A8: 2023 | B8: 3 | C8: 4 | D8: =SUM(B8:C8) | E8: =MENINAS_CURSO!D7 | F8: =IF(D8=0,0,B8/D8) | G8: =IF(E8=0,0,B8/E8)
A9: 2024 | B9: 3 | C9: 4 | D9: =SUM(B9:C9) | E9: =MENINAS_CURSO!D8 | F9: =IF(D9=0,0,B9/D9) | G9: =IF(E9=0,0,B9/E9)
A10: 2025 | B10: 3 | C10: 4 | D10: =SUM(B10:C10) | E10: =MENINAS_CURSO!D9 | F10: =IF(D10=0,0,B10/D10) | G10: =IF(E10=0,0,B10/E10)

Sheet CC_ESTAGIOS
A1: Ciência da Computação - Estagios (valores simulados)
A2: Os valores de Feminino e Masculino abaixo são simulados. As probabilidades são calculadas por fórmula.
A4: Ano | B4: Feminino | C4: Masculino | D4: Total Selecionados | E4: Meninas no Curso | F4: P(selecionado ser mulher) | G4: P(aluna do curso ser selecionada)
A5: 2020 | B5: 1 | C5: 2 | D5: =SUM(B5:C5) | E5: =MENINAS_CURSO!D4 | F5: =IF(D5=0,0,B5/D5) | G5: =IF(E5=0,0,B5/E5)
A6: 2021 | B6: 1 | C6: 2 | D6: =SUM(B6:C6) | E6: =MENINAS_CURSO!D5 | F6: =IF(D6=0,0,B6/D6) | G6: =IF(E6=0,0,B6/E6)
A7: 2022 | B7: 2 | C7: 4 | D7: =SUM(B7:C7) | E7: =MENINAS_CURSO!D6 | F7: =IF(D7=0,0,B7/D7) | G7: =IF(E7=0,0,B7/E7)
A8: 2023 | B8: 2 | C8: 4 | D8: =SUM(B8:C8) | E8: =MENINAS_CURSO!D7 | F8: =IF(D8=0,0,B8/D8) | G8: =IF(E8=0,0,B8/E8)
A9: 2024 | B9: 2 | C9: 4 | D9: =SUM(B9:C9) | E9: =MENINAS_CURSO!D8 | F9: =IF(D9=0,0,B9/D9) | G9: =IF(E9=0,0,B9/E9)
A10: 2025 | B10: 2 | C10: 4 | D10: =SUM(B10:C10) | E10: =MENINAS_CURSO!D9 | F10: =IF(D10=0,0,B10/D10) | G10: =IF(E10=0,0,B10/E10)
